customer_key,customer_id,name,country,signup_date
1,C0001,Nora Dubois,FR,2025-04-07
2,C0002,Sara Haddad,DE,2025-04-23
3,C0003,Lina Benali,FR,2024-02-16
4,C0004,Karim Martin,MA,2024-05-05
5,C0005,Nora Naciri,MA,2025-01-30
6,C0006,Omar Dubois,BE,2025-06-28
7,C0007,Emma Alami,MA,2024-07-13
8,C0008,Nora Dubois,DE,2025-04-09
9,C0009,Lina Naciri,MA,2024-02-26
10,C0010,Karim Alami,FR,2025-06-03
11,C0011,Emma Laurent,MA,2025-03-16
12,C0012,Amina Naciri,BE,2024-05-07
13,C0013,Lea Dubois,MA,2024-12-10
14,C0014,Emma Tazi,DE,2025-08-31
15,C0015,Maya Moreau,DE,2024-12-17
16,C0016,Hugo Tazi,BE,2025-04-16
17,C0017,Karim Benali,MA,2024-05-05
18,C0018,Emma Naciri,MA,2024-05-01
19,C0019,Adam Tazi,BE,2024-07-20
20,C0020,Noah Benali,FR,2025-11-08
21,C0021,Noah Haddad,FR,2025-02-22
22,C0022,Amina Naciri,BE,2025-08-28
23,C0023,Hugo Benali,BE,2025-10-29
24,C0024,Adam Moreau,MA,2024-01-01
25,C0025,Lea Naciri,MA,2025-01-24
26,C0026,Youssef Moreau,DE,2025-11-26
27,C0027,Omar Dubois,DE,2025-05-12
28,C0028,Sara Tazi,MA,2025-10-17
29,C0029,Maya Martin,FR,2025-03-15
30,C0030,Omar Haddad,MA,2024-08-12
31,C0031,Noah Idrissi,FR,2024-02-10
32,C0032,Karim Naciri,ES,2025-08-09
33,C0033,Hugo Idrissi,FR,2024-06-23
34,C0034,Omar Benali,BE,2024-03-13
35,C0035,Sara Alami,MA,2025-11-20
36,C0036,Sara Haddad,BE,2024-08-08
37,C0037,Youssef Dubois,FR,2024-01-28
38,C0038,Maya Naciri,FR,2024-09-11
39,C0039,Maya Laurent,FR,2025-09-04
40,C0040,Nora Laurent,MA,2025-06-06
41,C0041,Karim Idrissi,MA,2024-10-24
42,C0042,Sara Dubois,FR,2024-02-19
43,C0043,Nora Martin,MA,2024-06-01
44,C0044,Ines Laurent,MA,2024-08-08
45,C0045,Omar Girard,BE,2025-10-16
46,C0046,Ines Martin,FR,2024-07-21
47,C0047,Emma Tazi,BE,2024-08-04
48,C0048,Adam Idrissi,DE,2024-12-30
49,C0049,Hugo Haddad,MA,2025-11-12
50,C0050,Youssef Dubois,MA,2024-03-17
51,C0051,Amina Dubois,ES,2024-01-09
52,C0052,Nora Benali,MA,2025-02-16
53,C0053,Karim Benali,MA,2024-10-13
54,C0054,Adam Tazi,DE,2025-01-22
55,C0055,Karim Idrissi,ES,2024-04-04
56,C0056,Hugo Alami,MA,2025-03-23
57,C0057,Hugo Alami,ES,2024-03-30
58,C0058,Ines Moreau,BE,2024-03-28
59,C0059,Adam Moreau,FR,2024-12-31
60,C0060,Ines Naciri,FR,2024-10-01
61,C0061,Hugo Girard,BE,2024-01-11
62,C0062,Maya Martin,BE,2024-08-06
63,C0063,Maya Girard,BE,2025-09-14
64,C0064,Noah Haddad,ES,2024-09-02
65,C0065,Sara Dubois,FR,2025-04-14
66,C0066,Lea Dubois,ES,2024-05-07
67,C0067,Lea Alami,FR,2024-06-11
68,C0068,Amina Moreau,DE,2024-04-02
69,C0069,Maya Tazi,BE,2024-12-21
70,C0070,Karim Idrissi,BE,2025-11-06
71,C0071,Noah Moreau,BE,2025-08-27
72,C0072,Emma Benali,FR,2024-04-17
73,C0073,Omar Martin,MA,2024-10-31
74,C0074,Maya Martin,FR,2025-08-06
75,C0075,Karim Tazi,MA,2024-05-07
76,C0076,Maya Moreau,DE,2025-09-12
77,C0077,Karim Idrissi,MA,2025-10-08
78,C0078,Karim Idrissi,MA,2024-12-08
79,C0079,Samir Dubois,MA,2024-02-15
80,C0080,Maya Moreau,MA,2024-07-17
81,C0081,Emma Laurent,MA,2025-06-30
82,C0082,Samir Laurent,MA,2024-05-10
83,C0083,Nora Girard,FR,2025-05-06
84,C0084,Youssef Alami,BE,2025-06-08
85,C0085,Ines Girard,MA,2025-06-07
86,C0086,Omar Haddad,ES,2024-04-17
87,C0087,Noah Dubois,FR,2025-02-22
88,C0088,Nora Benali,FR,2025-09-09
89,C0089,Nora Idrissi,MA,2024-09-25
90,C0090,Maya Idrissi,MA,2025-03-22
91,C0091,Nora Girard,FR,2025-11-02
92,C0092,Sara Naciri,MA,2025-09-07
93,C0093,Samir Moreau,FR,2024-01-13
94,C0094,Ines Alami,MA,2025-05-23
95,C0095,Emma Idrissi,MA,2024-08-31
96,C0096,Sara Tazi,DE,2024-11-29
97,C0097,Hugo Laurent,MA,2024-08-04
98,C0098,Nora Idrissi,FR,2024-08-16
99,C0099,Hugo Martin,MA,2024-12-12
100,C0100,Lea Dubois,MA,2024-09-12
101,C0101,Youssef Haddad,ES,2024-03-06
102,C0102,Lea Martin,BE,2025-10-23
103,C0103,Amina Idrissi,MA,2024-02-09
104,C0104,Hugo Laurent,MA,2025-06-04
105,C0105,Emma Dubois,FR,2024-01-17
106,C0106,Hugo Naciri,FR,2025-02-12
107,C0107,Lea Idrissi,FR,2025-06-10
108,C0108,Noah Tazi,MA,2024-09-21
109,C0109,Samir Girard,FR,2024-10-01
110,C0110,Noah Idrissi,DE,2024-02-22
111,C0111,Karim Martin,FR,2024-01-11
112,C0112,Amina Laurent,BE,2024-05-29
113,C0113,Lea Naciri,MA,2025-05-27
114,C0114,Karim Alami,DE,2025-02-11
115,C0115,Lina Naciri,MA,2025-11-08
116,C0116,Karim Dubois,BE,2025-10-02
117,C0117,Lina Dubois,BE,2024-03-05
118,C0118,Lea Dubois,MA,2024-07-12
119,C0119,Adam Moreau,FR,2024-09-03
120,C0120,Nora Haddad,FR,2025-07-25
121,C0121,Nora Idrissi,ES,2024-05-09
122,C0122,Ines Tazi,BE,2025-10-13
123,C0123,Adam Martin,MA,2025-01-30
124,C0124,Youssef Naciri,FR,2024-02-16
125,C0125,Sara Girard,MA,2024-03-22
126,C0126,Noah Alami,FR,2024-10-12
127,C0127,Lea Laurent,DE,2024-12-01
128,C0128,Hugo Idrissi,FR,2025-03-14
129,C0129,Ines Idrissi,FR,2025-03-23
130,C0130,Hugo Naciri,FR,2025-06-30
131,C0131,Ines Laurent,MA,2025-04-29
132,C0132,Maya Haddad,BE,2025-04-02
133,C0133,Karim Laurent,FR,2024-02-16
134,C0134,Lina Benali,DE,2024-07-13
135,C0135,Maya Laurent,DE,2024-10-20
136,C0136,Emma Dubois,FR,2024-09-18
137,C0137,Emma Alami,MA,2024-10-08
138,C0138,Lina Moreau,DE,2025-05-02
139,C0139,Noah Naciri,MA,2025-05-20
140,C0140,Emma Moreau,MA,2025-10-29
141,C0141,Lina Dubois,FR,2025-09-28
142,C0142,Noah Moreau,MA,2024-09-24
143,C0143,Youssef Tazi,BE,2024-07-18
144,C0144,Emma Martin,ES,2025-11-06
145,C0145,Karim Martin,BE,2025-07-05
146,C0146,Omar Benali,MA,2024-10-15
147,C0147,Nora Martin,MA,2024-05-29
148,C0148,Hugo Benali,BE,2025-08-15
149,C0149,Ines Idrissi,DE,2025-05-11
150,C0150,Emma Haddad,BE,2024-06-08
151,C0151,Samir Haddad,FR,2024-09-19
152,C0152,Omar Tazi,MA,2025-05-22
153,C0153,Lina Tazi,BE,2024-02-23
154,C0154,Ines Haddad,MA,2024-06-15
155,C0155,Karim Laurent,MA,2024-05-19
156,C0156,Youssef Girard,MA,2024-04-04
157,C0157,Ines Benali,FR,2025-11-22
158,C0158,Hugo Idrissi,BE,2025-07-29
159,C0159,Samir Dubois,MA,2025-03-01
160,C0160,Youssef Dubois,ES,2025-04-27
161,C0161,Emma Tazi,ES,2025-02-20
162,C0162,Adam Dubois,FR,2025-08-05
163,C0163,Noah Tazi,FR,2024-10-30
164,C0164,Emma Benali,FR,2024-04-06
165,C0165,Noah Haddad,DE,2025-04-02
166,C0166,Emma Haddad,MA,2024-12-24
167,C0167,Lina Naciri,MA,2025-06-01
168,C0168,Emma Girard,ES,2024-06-20
169,C0169,Youssef Idrissi,MA,2025-06-09
170,C0170,Noah Martin,DE,2024-09-12
171,C0171,Sara Alami,MA,2024-05-16
172,C0172,Amina Haddad,FR,2025-01-20
173,C0173,Amina Idrissi,FR,2024-07-27
174,C0174,Sara Idrissi,MA,2025-02-14
175,C0175,Samir Alami,ES,2024-05-26
176,C0176,Amina Martin,MA,2025-10-29
177,C0177,Karim Alami,FR,2024-08-19
178,C0178,Lea Naciri,MA,2025-10-28
179,C0179,Karim Alami,FR,2025-05-01
180,C0180,Lina Tazi,MA,2024-06-03
181,C0181,Emma Haddad,FR,2024-10-04
182,C0182,Lea Naciri,DE,2025-09-29
183,C0183,Amina Haddad,FR,2025-10-03
184,C0184,Sara Naciri,FR,2024-01-16
185,C0185,Lina Laurent,ES,2024-08-05
186,C0186,Adam Moreau,FR,2025-09-26
187,C0187,Lina Alami,MA,2025-09-13
188,C0188,Sara Haddad,MA,2024-05-20
189,C0189,Ines Naciri,FR,2024-10-19
190,C0190,Omar Moreau,MA,2025-02-27
191,C0191,Ines Naciri,MA,2024-09-29
192,C0192,Hugo Naciri,ES,2025-04-20
193,C0193,Ines Moreau,ES,2025-08-08
194,C0194,Samir Alami,MA,2024-03-18
195,C0195,Ines Naciri,MA,2025-02-02
196,C0196,Lea Naciri,FR,2024-06-08
197,C0197,Omar Haddad,BE,2024-10-11
198,C0198,Adam Dubois,MA,2024-10-10
199,C0199,Emma Idrissi,FR,2025-03-12
200,C0200,Adam Benali,MA,2024-09-29
201,C0201,Hugo Benali,FR,2024-05-12
202,C0202,Hugo Laurent,MA,2025-02-17
203,C0203,Ines Moreau,MA,2025-09-05
204,C0204,Omar Girard,MA,2024-10-08
205,C0205,Samir Idrissi,MA,2025-02-08
206,C0206,Maya Haddad,MA,2024-12-23
207,C0207,Nora Tazi,FR,2025-01-19
208,C0208,Maya Idrissi,BE,2024-08-31
209,C0209,Hugo Girard,BE,2024-11-22
210,C0210,Omar Benali,BE,2025-08-03
211,C0211,Ines Haddad,MA,2024-06-18
212,C0212,Emma Laurent,FR,2025-06-12
213,C0213,Maya Naciri,BE,2025-05-01
214,C0214,Adam Alami,FR,2025-01-26
215,C0215,Adam Martin,MA,2025-03-16
216,C0216,Amina Tazi,FR,2025-03-19
217,C0217,Hugo Moreau,MA,2025-03-10
218,C0218,Noah Haddad,ES,2024-05-24
219,C0219,Adam Martin,FR,2024-12-27
220,C0220,Nora Girard,DE,2024-01-30
221,C0221,Lina Alami,DE,2025-01-31
222,C0222,Maya Dubois,DE,2024-09-10
223,C0223,Lea Haddad,FR,2025-09-15
224,C0224,Hugo Naciri,FR,2025-11-06
225,C0225,Noah Martin,FR,2024-08-13
226,C0226,Sara Martin,MA,2025-08-05
227,C0227,Maya Haddad,ES,2025-10-30
228,C0228,Omar Martin,ES,2024-10-17
229,C0229,Sara Naciri,DE,2025-08-08
230,C0230,Noah Girard,MA,2024-09-24
231,C0231,Karim Benali,FR,2025-01-02
232,C0232,Omar Haddad,FR,2024-02-13
233,C0233,Hugo Dubois,ES,2025-05-27
234,C0234,Ines Girard,MA,2025-03-20
235,C0235,Maya Idrissi,FR,2025-11-16
236,C0236,Noah Haddad,MA,2024-01-15
237,C0237,Adam Moreau,MA,2024-02-26
238,C0238,Youssef Naciri,MA,2024-11-28
239,C0239,Emma Laurent,BE,2024-07-13
240,C0240,Samir Haddad,MA,2024-10-14
241,C0241,Lina Alami,MA,2025-10-19
242,C0242,Noah Naciri,FR,2024-09-24
243,C0243,Samir Moreau,MA,2025-03-04
244,C0244,Emma Girard,MA,2024-11-05
245,C0245,Adam Moreau,BE,2025-07-25
246,C0246,Sara Benali,MA,2024-01-22
247,C0247,Emma Girard,FR,2025-06-03
248,C0248,Karim Tazi,MA,2025-01-30
249,C0249,Ines Tazi,ES,2025-10-15
250,C0250,Omar Idrissi,MA,2024-06-17
251,C0251,Adam Laurent,BE,2024-05-17
252,C0252,Noah Martin,FR,2024-04-25
253,C0253,Nora Laurent,MA,2025-10-24
254,C0254,Ines Naciri,MA,2024-08-01
255,C0255,Sara Alami,MA,2024-09-07
256,C0256,Hugo Laurent,FR,2024-08-13
257,C0257,Maya Haddad,BE,2025-01-10
258,C0258,Lea Tazi,MA,2024-06-11
259,C0259,Omar Benali,ES,2024-02-16
260,C0260,Lea Dubois,BE,2025-07-19
261,C0261,Youssef Dubois,DE,2024-06-27
262,C0262,Omar Girard,ES,2025-09-24
263,C0263,Amina Haddad,MA,2024-05-25
264,C0264,Lina Moreau,FR,2024-08-28
265,C0265,Amina Benali,DE,2025-02-21
266,C0266,Nora Martin,ES,2025-09-04
267,C0267,Ines Idrissi,FR,2024-08-09
268,C0268,Youssef Moreau,FR,2024-06-26
269,C0269,Adam Benali,MA,2025-04-08
270,C0270,Maya Dubois,MA,2024-04-24
271,C0271,Noah Laurent,FR,2025-09-05
272,C0272,Lea Dubois,DE,2024-03-07
273,C0273,Hugo Martin,MA,2025-09-24
274,C0274,Sara Alami,FR,2024-02-23
275,C0275,Lina Alami,FR,2025-04-21
276,C0276,Youssef Laurent,ES,2024-12-10
277,C0277,Youssef Benali,MA,2025-10-11
278,C0278,Sara Laurent,MA,2025-08-26
279,C0279,Emma Martin,FR,2024-03-14
280,C0280,Nora Tazi,BE,2024-11-23
281,C0281,Noah Naciri,FR,2024-02-18
282,C0282,Emma Laurent,DE,2024-10-21
283,C0283,Noah Haddad,BE,2024-05-05
284,C0284,Omar Girard,MA,2024-05-22
285,C0285,Amina Haddad,DE,2025-03-20
286,C0286,Maya Benali,MA,2025-06-18
287,C0287,Sara Naciri,MA,2024-04-28
288,C0288,Noah Tazi,MA,2025-04-10
289,C0289,Lina Laurent,FR,2025-04-26
290,C0290,Omar Moreau,MA,2025-08-06
291,C0291,Nora Alami,BE,2024-11-16
292,C0292,Youssef Alami,ES,2025-04-07
293,C0293,Youssef Laurent,MA,2024-04-11
294,C0294,Lina Benali,ES,2025-11-03
295,C0295,Omar Laurent,MA,2025-10-24
296,C0296,Hugo Moreau,MA,2025-06-18
297,C0297,Omar Moreau,DE,2024-06-21
298,C0298,Nora Girard,MA,2025-01-27
299,C0299,Omar Idrissi,FR,2024-10-27
300,C0300,Lina Naciri,BE,2024-08-15
