customer_id,name,email,country,signup_date
C0001,Nora Dubois,nora.dubois1@example.com,FR,2025-04-07
C0002,Sara Haddad,sara.haddad2@example.com,DE,2025-04-23
C0003,Lina Benali,lina.benali3@example.com,FR,2024-02-16
C0004,Karim Martin,karim.martin4@example.com,MA,2024-05-05
C0005,Nora Naciri,nora.naciri5@example.com,MA,2025-01-30
C0006,Omar Dubois,omar.dubois6@example.com,BE,2025-06-28
C0007,Emma Alami,emma.alami7@example.com,MA,2024-07-13
C0008,Nora Dubois,nora.dubois8@example.com,DE,2025-04-09
C0009,Lina Naciri,lina.naciri9@example.com,MA,2024-02-26
C0010,Karim Alami,karim.alami10@example.com,FR,2025-06-03
C0011,Emma Laurent,emma.laurent11@example.com,MA,2025-03-16
C0012,Amina Naciri,amina.naciri12@example.com,BE,2024-05-07
C0013,Lea Dubois,lea.dubois13@example.com,MA,2024-12-10
C0014,Emma Tazi,emma.tazi14@example.com,DE,2025-08-31
C0015,Maya Moreau,maya.moreau15@example.com,DE,2024-12-17
C0016,Hugo Tazi,hugo.tazi16@example.com,BE,2025-04-16
C0017,Karim Benali,karim.benali17@example.com,MA,2024-05-05
C0018,Emma Naciri,emma.naciri18@example.com,MA,2024-05-01
C0019,Adam Tazi,adam.tazi19@example.com,BE,2024-07-20
C0020,Noah Benali,noah.benali20@example.com,FR,2025-11-08
C0021,Noah Haddad,noah.haddad21@example.com,FR,2025-02-22
C0022,Amina Naciri,amina.naciri22@example.com,BE,2025-08-28
C0023,Hugo Benali,hugo.benali23@example.com,BE,2025-10-29
C0024,Adam Moreau,adam.moreau24@example.com,MA,2024-01-01
C0025,Lea Naciri,lea.naciri25@example.com,MA,2025-01-24
C0026,Youssef Moreau,youssef.moreau26@example.com,DE,2025-11-26
C0027,Omar Dubois,omar.dubois27@example.com,DE,2025-05-12
C0028,Sara Tazi,sara.tazi28@example.com,MA,2025-10-17
C0029,Maya Martin,maya.martin29@example.com,FR,2025-03-15
C0030,Omar Haddad,omar.haddad30@example.com,MA,2024-08-12
C0031,Noah Idrissi,noah.idrissi31@example.com,FR,2024-02-10
C0032,Karim Naciri,karim.naciri32@example.com,ES,2025-08-09
C0033,Hugo Idrissi,hugo.idrissi33@example.com,FR,2024-06-23
C0034,Omar Benali,omar.benali34@example.com,BE,2024-03-13
C0035,Sara Alami,sara.alami35@example.com,MA,2025-11-20
C0036,Sara Haddad,sara.haddad36@example.com,BE,2024-08-08
C0037,Youssef Dubois,youssef.dubois37@example.com,FR,2024-01-28
C0038,Maya Naciri,maya.naciri38@example.com,FR,2024-09-11
C0039,Maya Laurent,maya.laurent39@example.com,FR,2025-09-04
C0040,Nora Laurent,nora.laurent40@example.com,MA,2025-06-06
C0041,Karim Idrissi,karim.idrissi41@example.com,MA,2024-10-24
C0042,Sara Dubois,sara.dubois42@example.com,FR,2024-02-19
C0043,Nora Martin,nora.martin43@example.com,MA,2024-06-01
C0044,Ines Laurent,ines.laurent44@example.com,MA,2024-08-08
C0045,Omar Girard,omar.girard45@example.com,BE,2025-10-16
C0046,Ines Martin,ines.martin46@example.com,FR,2024-07-21
C0047,Emma Tazi,emma.tazi47@example.com,BE,2024-08-04
C0048,Adam Idrissi,adam.idrissi48@example.com,DE,2024-12-30
C0049,Hugo Haddad,hugo.haddad49@example.com,MA,2025-11-12
C0050,Youssef Dubois,youssef.dubois50@example.com,MA,2024-03-17
C0051,Amina Dubois,amina.dubois51@example.com,ES,2024-01-09
C0052,Nora Benali,nora.benali52@example.com,MA,2025-02-16
C0053,Karim Benali,karim.benali53@example.com,MA,2024-10-13
C0054,Adam Tazi,adam.tazi54@example.com,DE,2025-01-22
C0055,Karim Idrissi,karim.idrissi55@example.com,ES,2024-04-04
C0056,Hugo Alami,hugo.alami56@example.com,MA,2025-03-23
C0057,Hugo Alami,hugo.alami57@example.com,ES,2024-03-30
C0058,Ines Moreau,ines.moreau58@example.com,BE,2024-03-28
C0059,Adam Moreau,adam.moreau59@example.com,FR,2024-12-31
C0060,Ines Naciri,ines.naciri60@example.com,FR,2024-10-01
C0061,Hugo Girard,hugo.girard61@example.com,BE,2024-01-11
C0062,Maya Martin,maya.martin62@example.com,BE,2024-08-06
C0063,Maya Girard,maya.girard63@example.com,BE,2025-09-14
C0064,Noah Haddad,noah.haddad64@example.com,ES,2024-09-02
C0065,Sara Dubois,sara.dubois65@example.com,FR,2025-04-14
C0066,Lea Dubois,lea.dubois66@example.com,ES,2024-05-07
C0067,Lea Alami,lea.alami67@example.com,FR,2024-06-11
C0068,Amina Moreau,amina.moreau68@example.com,DE,2024-04-02
C0069,Maya Tazi,maya.tazi69@example.com,BE,2024-12-21
C0070,Karim Idrissi,karim.idrissi70@example.com,BE,2025-11-06
C0071,Noah Moreau,noah.moreau71@example.com,BE,2025-08-27
C0072,Emma Benali,emma.benali72@example.com,FR,2024-04-17
C0073,Omar Martin,omar.martin73@example.com,MA,2024-10-31
C0074,Maya Martin,maya.martin74@example.com,FR,2025-08-06
C0075,Karim Tazi,karim.tazi75@example.com,MA,2024-05-07
C0076,Maya Moreau,maya.moreau76@example.com,DE,2025-09-12
C0077,Karim Idrissi,karim.idrissi77@example.com,MA,2025-10-08
C0078,Karim Idrissi,karim.idrissi78@example.com,MA,2024-12-08
C0079,Samir Dubois,samir.dubois79@example.com,MA,2024-02-15
C0080,Maya Moreau,maya.moreau80@example.com,MA,2024-07-17
C0081,Emma Laurent,emma.laurent81@example.com,MA,2025-06-30
C0082,Samir Laurent,samir.laurent82@example.com,MA,2024-05-10
C0083,Nora Girard,nora.girard83@example.com,FR,2025-05-06
C0084,Youssef Alami,youssef.alami84@example.com,BE,2025-06-08
C0085,Ines Girard,ines.girard85@example.com,MA,2025-06-07
C0086,Omar Haddad,omar.haddad86@example.com,ES,2024-04-17
C0087,Noah Dubois,noah.dubois87@example.com,FR,2025-02-22
C0088,Nora Benali,nora.benali88@example.com,FR,2025-09-09
C0089,Nora Idrissi,nora.idrissi89@example.com,MA,2024-09-25
C0090,Maya Idrissi,maya.idrissi90@example.com,MA,2025-03-22
C0091,Nora Girard,nora.girard91@example.com,FR,2025-11-02
C0092,Sara Naciri,sara.naciri92@example.com,MA,2025-09-07
C0093,Samir Moreau,samir.moreau93@example.com,FR,2024-01-13
C0094,Ines Alami,ines.alami94@example.com,MA,2025-05-23
C0095,Emma Idrissi,emma.idrissi95@example.com,MA,2024-08-31
C0096,Sara Tazi,sara.tazi96@example.com,DE,2024-11-29
C0097,Hugo Laurent,hugo.laurent97@example.com,MA,2024-08-04
C0098,Nora Idrissi,nora.idrissi98@example.com,FR,2024-08-16
C0099,Hugo Martin,hugo.martin99@example.com,MA,2024-12-12
C0100,Lea Dubois,lea.dubois100@example.com,MA,2024-09-12
C0101,Youssef Haddad,youssef.haddad101@example.com,ES,2024-03-06
C0102,Lea Martin,lea.martin102@example.com,BE,2025-10-23
C0103,Amina Idrissi,amina.idrissi103@example.com,MA,2024-02-09
C0104,Hugo Laurent,hugo.laurent104@example.com,MA,2025-06-04
C0105,Emma Dubois,emma.dubois105@example.com,FR,2024-01-17
C0106,Hugo Naciri,hugo.naciri106@example.com,FR,2025-02-12
C0107,Lea Idrissi,lea.idrissi107@example.com,FR,2025-06-10
C0108,Noah Tazi,noah.tazi108@example.com,MA,2024-09-21
C0109,Samir Girard,samir.girard109@example.com,FR,2024-10-01
C0110,Noah Idrissi,noah.idrissi110@example.com,DE,2024-02-22
C0111,Karim Martin,karim.martin111@example.com,FR,2024-01-11
C0112,Amina Laurent,amina.laurent112@example.com,BE,2024-05-29
C0113,Lea Naciri,lea.naciri113@example.com,MA,2025-05-27
C0114,Karim Alami,karim.alami114@example.com,DE,2025-02-11
C0115,Lina Naciri,lina.naciri115@example.com,MA,2025-11-08
C0116,Karim Dubois,karim.dubois116@example.com,BE,2025-10-02
C0117,Lina Dubois,lina.dubois117@example.com,BE,2024-03-05
C0118,Lea Dubois,lea.dubois118@example.com,MA,2024-07-12
C0119,Adam Moreau,adam.moreau119@example.com,FR,2024-09-03
C0120,Nora Haddad,nora.haddad120@example.com,FR,2025-07-25
C0121,Nora Idrissi,nora.idrissi121@example.com,ES,2024-05-09
C0122,Ines Tazi,ines.tazi122@example.com,BE,2025-10-13
C0123,Adam Martin,adam.martin123@example.com,MA,2025-01-30
C0124,Youssef Naciri,youssef.naciri124@example.com,FR,2024-02-16
C0125,Sara Girard,sara.girard125@example.com,MA,2024-03-22
C0126,Noah Alami,noah.alami126@example.com,FR,2024-10-12
C0127,Lea Laurent,lea.laurent127@example.com,DE,2024-12-01
C0128,Hugo Idrissi,hugo.idrissi128@example.com,FR,2025-03-14
C0129,Ines Idrissi,ines.idrissi129@example.com,FR,2025-03-23
C0130,Hugo Naciri,hugo.naciri130@example.com,FR,2025-06-30
C0131,Ines Laurent,ines.laurent131@example.com,MA,2025-04-29
C0132,Maya Haddad,maya.haddad132@example.com,BE,2025-04-02
C0133,Karim Laurent,karim.laurent133@example.com,FR,2024-02-16
C0134,Lina Benali,lina.benali134@example.com,DE,2024-07-13
C0135,Maya Laurent,maya.laurent135@example.com,DE,2024-10-20
C0136,Emma Dubois,emma.dubois136@example.com,FR,2024-09-18
C0137,Emma Alami,emma.alami137@example.com,MA,2024-10-08
C0138,Lina Moreau,lina.moreau138@example.com,DE,2025-05-02
C0139,Noah Naciri,noah.naciri139@example.com,MA,2025-05-20
C0140,Emma Moreau,emma.moreau140@example.com,MA,2025-10-29
C0141,Lina Dubois,lina.dubois141@example.com,FR,2025-09-28
C0142,Noah Moreau,noah.moreau142@example.com,MA,2024-09-24
C0143,Youssef Tazi,youssef.tazi143@example.com,BE,2024-07-18
C0144,Emma Martin,emma.martin144@example.com,ES,2025-11-06
C0145,Karim Martin,karim.martin145@example.com,BE,2025-07-05
C0146,Omar Benali,omar.benali146@example.com,MA,2024-10-15
C0147,Nora Martin,nora.martin147@example.com,MA,2024-05-29
C0148,Hugo Benali,hugo.benali148@example.com,BE,2025-08-15
C0149,Ines Idrissi,ines.idrissi149@example.com,DE,2025-05-11
C0150,Emma Haddad,emma.haddad150@example.com,BE,2024-06-08
C0151,Samir Haddad,samir.haddad151@example.com,FR,2024-09-19
C0152,Omar Tazi,omar.tazi152@example.com,MA,2025-05-22
C0153,Lina Tazi,lina.tazi153@example.com,BE,2024-02-23
C0154,Ines Haddad,ines.haddad154@example.com,MA,2024-06-15
C0155,Karim Laurent,karim.laurent155@example.com,MA,2024-05-19
C0156,Youssef Girard,youssef.girard156@example.com,MA,2024-04-04
C0157,Ines Benali,ines.benali157@example.com,FR,2025-11-22
C0158,Hugo Idrissi,hugo.idrissi158@example.com,BE,2025-07-29
C0159,Samir Dubois,samir.dubois159@example.com,MA,2025-03-01
C0160,Youssef Dubois,youssef.dubois160@example.com,ES,2025-04-27
C0161,Emma Tazi,emma.tazi161@example.com,ES,2025-02-20
C0162,Adam Dubois,adam.dubois162@example.com,FR,2025-08-05
C0163,Noah Tazi,noah.tazi163@example.com,FR,2024-10-30
C0164,Emma Benali,emma.benali164@example.com,FR,2024-04-06
C0165,Noah Haddad,noah.haddad165@example.com,DE,2025-04-02
C0166,Emma Haddad,emma.haddad166@example.com,MA,2024-12-24
C0167,Lina Naciri,lina.naciri167@example.com,MA,2025-06-01
C0168,Emma Girard,emma.girard168@example.com,ES,2024-06-20
C0169,Youssef Idrissi,youssef.idrissi169@example.com,MA,2025-06-09
C0170,Noah Martin,noah.martin170@example.com,DE,2024-09-12
C0171,Sara Alami,sara.alami171@example.com,MA,2024-05-16
C0172,Amina Haddad,amina.haddad172@example.com,FR,2025-01-20
C0173,Amina Idrissi,amina.idrissi173@example.com,FR,2024-07-27
C0174,Sara Idrissi,sara.idrissi174@example.com,MA,2025-02-14
C0175,Samir Alami,samir.alami175@example.com,ES,2024-05-26
C0176,Amina Martin,amina.martin176@example.com,MA,2025-10-29
C0177,Karim Alami,karim.alami177@example.com,FR,2024-08-19
C0178,Lea Naciri,lea.naciri178@example.com,MA,2025-10-28
C0179,Karim Alami,karim.alami179@example.com,FR,2025-05-01
C0180,Lina Tazi,lina.tazi180@example.com,MA,2024-06-03
C0181,Emma Haddad,emma.haddad181@example.com,FR,2024-10-04
C0182,Lea Naciri,lea.naciri182@example.com,DE,2025-09-29
C0183,Amina Haddad,amina.haddad183@example.com,FR,2025-10-03
C0184,Sara Naciri,sara.naciri184@example.com,FR,2024-01-16
C0185,Lina Laurent,lina.laurent185@example.com,ES,2024-08-05
C0186,Adam Moreau,adam.moreau186@example.com,FR,2025-09-26
C0187,Lina Alami,lina.alami187@example.com,MA,2025-09-13
C0188,Sara Haddad,sara.haddad188@example.com,MA,2024-05-20
C0189,Ines Naciri,ines.naciri189@example.com,FR,2024-10-19
C0190,Omar Moreau,omar.moreau190@example.com,MA,2025-02-27
C0191,Ines Naciri,ines.naciri191@example.com,MA,2024-09-29
C0192,Hugo Naciri,hugo.naciri192@example.com,ES,2025-04-20
C0193,Ines Moreau,ines.moreau193@example.com,ES,2025-08-08
C0194,Samir Alami,samir.alami194@example.com,MA,2024-03-18
C0195,Ines Naciri,ines.naciri195@example.com,MA,2025-02-02
C0196,Lea Naciri,lea.naciri196@example.com,FR,2024-06-08
C0197,Omar Haddad,omar.haddad197@example.com,BE,2024-10-11
C0198,Adam Dubois,adam.dubois198@example.com,MA,2024-10-10
C0199,Emma Idrissi,emma.idrissi199@example.com,FR,2025-03-12
C0200,Adam Benali,adam.benali200@example.com,MA,2024-09-29
C0201,Hugo Benali,hugo.benali201@example.com,FR,2024-05-12
C0202,Hugo Laurent,hugo.laurent202@example.com,MA,2025-02-17
C0203,Ines Moreau,ines.moreau203@example.com,MA,2025-09-05
C0204,Omar Girard,omar.girard204@example.com,MA,2024-10-08
C0205,Samir Idrissi,samir.idrissi205@example.com,MA,2025-02-08
C0206,Maya Haddad,maya.haddad206@example.com,MA,2024-12-23
C0207,Nora Tazi,nora.tazi207@example.com,FR,2025-01-19
C0208,Maya Idrissi,maya.idrissi208@example.com,BE,2024-08-31
C0209,Hugo Girard,hugo.girard209@example.com,BE,2024-11-22
C0210,Omar Benali,omar.benali210@example.com,BE,2025-08-03
C0211,Ines Haddad,ines.haddad211@example.com,MA,2024-06-18
C0212,Emma Laurent,emma.laurent212@example.com,FR,2025-06-12
C0213,Maya Naciri,maya.naciri213@example.com,BE,2025-05-01
C0214,Adam Alami,adam.alami214@example.com,FR,2025-01-26
C0215,Adam Martin,adam.martin215@example.com,MA,2025-03-16
C0216,Amina Tazi,amina.tazi216@example.com,FR,2025-03-19
C0217,Hugo Moreau,hugo.moreau217@example.com,MA,2025-03-10
C0218,Noah Haddad,noah.haddad218@example.com,ES,2024-05-24
C0219,Adam Martin,adam.martin219@example.com,FR,2024-12-27
C0220,Nora Girard,nora.girard220@example.com,DE,2024-01-30
C0221,Lina Alami,lina.alami221@example.com,DE,2025-01-31
C0222,Maya Dubois,maya.dubois222@example.com,DE,2024-09-10
C0223,Lea Haddad,lea.haddad223@example.com,FR,2025-09-15
C0224,Hugo Naciri,hugo.naciri224@example.com,FR,2025-11-06
C0225,Noah Martin,noah.martin225@example.com,FR,2024-08-13
C0226,Sara Martin,sara.martin226@example.com,MA,2025-08-05
C0227,Maya Haddad,maya.haddad227@example.com,ES,2025-10-30
C0228,Omar Martin,omar.martin228@example.com,ES,2024-10-17
C0229,Sara Naciri,sara.naciri229@example.com,DE,2025-08-08
C0230,Noah Girard,noah.girard230@example.com,MA,2024-09-24
C0231,Karim Benali,karim.benali231@example.com,FR,2025-01-02
C0232,Omar Haddad,omar.haddad232@example.com,FR,2024-02-13
C0233,Hugo Dubois,hugo.dubois233@example.com,ES,2025-05-27
C0234,Ines Girard,ines.girard234@example.com,MA,2025-03-20
C0235,Maya Idrissi,maya.idrissi235@example.com,FR,2025-11-16
C0236,Noah Haddad,noah.haddad236@example.com,MA,2024-01-15
C0237,Adam Moreau,adam.moreau237@example.com,MA,2024-02-26
C0238,Youssef Naciri,youssef.naciri238@example.com,MA,2024-11-28
C0239,Emma Laurent,emma.laurent239@example.com,BE,2024-07-13
C0240,Samir Haddad,samir.haddad240@example.com,MA,2024-10-14
C0241,Lina Alami,lina.alami241@example.com,MA,2025-10-19
C0242,Noah Naciri,noah.naciri242@example.com,FR,2024-09-24
C0243,Samir Moreau,samir.moreau243@example.com,MA,2025-03-04
C0244,Emma Girard,emma.girard244@example.com,MA,2024-11-05
C0245,Adam Moreau,adam.moreau245@example.com,BE,2025-07-25
C0246,Sara Benali,sara.benali246@example.com,MA,2024-01-22
C0247,Emma Girard,emma.girard247@example.com,FR,2025-06-03
C0248,Karim Tazi,karim.tazi248@example.com,MA,2025-01-30
C0249,Ines Tazi,ines.tazi249@example.com,ES,2025-10-15
C0250,Omar Idrissi,omar.idrissi250@example.com,MA,2024-06-17
C0251,Adam Laurent,adam.laurent251@example.com,BE,2024-05-17
C0252,Noah Martin,noah.martin252@example.com,FR,2024-04-25
C0253,Nora Laurent,nora.laurent253@example.com,MA,2025-10-24
C0254,Ines Naciri,ines.naciri254@example.com,MA,2024-08-01
C0255,Sara Alami,sara.alami255@example.com,MA,2024-09-07
C0256,Hugo Laurent,hugo.laurent256@example.com,FR,2024-08-13
C0257,Maya Haddad,maya.haddad257@example.com,BE,2025-01-10
C0258,Lea Tazi,lea.tazi258@example.com,MA,2024-06-11
C0259,Omar Benali,omar.benali259@example.com,ES,2024-02-16
C0260,Lea Dubois,lea.dubois260@example.com,BE,2025-07-19
C0261,Youssef Dubois,youssef.dubois261@example.com,DE,2024-06-27
C0262,Omar Girard,omar.girard262@example.com,ES,2025-09-24
C0263,Amina Haddad,amina.haddad263@example.com,MA,2024-05-25
C0264,Lina Moreau,lina.moreau264@example.com,FR,2024-08-28
C0265,Amina Benali,amina.benali265@example.com,DE,2025-02-21
C0266,Nora Martin,nora.martin266@example.com,ES,2025-09-04
C0267,Ines Idrissi,ines.idrissi267@example.com,FR,2024-08-09
C0268,Youssef Moreau,youssef.moreau268@example.com,FR,2024-06-26
C0269,Adam Benali,adam.benali269@example.com,MA,2025-04-08
C0270,Maya Dubois,maya.dubois270@example.com,MA,2024-04-24
C0271,Noah Laurent,noah.laurent271@example.com,FR,2025-09-05
C0272,Lea Dubois,lea.dubois272@example.com,DE,2024-03-07
C0273,Hugo Martin,hugo.martin273@example.com,MA,2025-09-24
C0274,Sara Alami,sara.alami274@example.com,FR,2024-02-23
C0275,Lina Alami,lina.alami275@example.com,FR,2025-04-21
C0276,Youssef Laurent,youssef.laurent276@example.com,ES,2024-12-10
C0277,Youssef Benali,youssef.benali277@example.com,MA,2025-10-11
C0278,Sara Laurent,sara.laurent278@example.com,MA,2025-08-26
C0279,Emma Martin,emma.martin279@example.com,FR,2024-03-14
C0280,Nora Tazi,nora.tazi280@example.com,BE,2024-11-23
C0281,Noah Naciri,noah.naciri281@example.com,FR,2024-02-18
C0282,Emma Laurent,emma.laurent282@example.com,DE,2024-10-21
C0283,Noah Haddad,noah.haddad283@example.com,BE,2024-05-05
C0284,Omar Girard,omar.girard284@example.com,MA,2024-05-22
C0285,Amina Haddad,amina.haddad285@example.com,DE,2025-03-20
C0286,Maya Benali,maya.benali286@example.com,MA,2025-06-18
C0287,Sara Naciri,sara.naciri287@example.com,MA,2024-04-28
C0288,Noah Tazi,noah.tazi288@example.com,MA,2025-04-10
C0289,Lina Laurent,lina.laurent289@example.com,FR,2025-04-26
C0290,Omar Moreau,omar.moreau290@example.com,MA,2025-08-06
C0291,Nora Alami,nora.alami291@example.com,BE,2024-11-16
C0292,Youssef Alami,youssef.alami292@example.com,ES,2025-04-07
C0293,Youssef Laurent,youssef.laurent293@example.com,MA,2024-04-11
C0294,Lina Benali,lina.benali294@example.com,ES,2025-11-03
C0295,Omar Laurent,omar.laurent295@example.com,MA,2025-10-24
C0296,Hugo Moreau,hugo.moreau296@example.com,MA,2025-06-18
C0297,Omar Moreau,omar.moreau297@example.com,DE,2024-06-21
C0298,Nora Girard,nora.girard298@example.com,MA,2025-01-27
C0299,Omar Idrissi,omar.idrissi299@example.com,FR,2024-10-27
C0300,Lina Naciri,lina.naciri300@example.com,BE,2024-08-15
C0301,Broken Email,not-an-email,MA,2025-03-01
C0302,,missing.name@example.com,FR,2025-13-40
